Resume Name,Match Score,Date Time
Jessie Smith.docx.pdf,0,2026-06-14 19:29:48
Jessie Smith.docx.pdf,0,2026-06-14 19:31:45
Jessie Smith.docx.pdf,0,2026-06-14 19:33:04
Jessie Smith.docx.pdf,0,2026-06-14 19:36:33
Jessie Smith.docx.pdf,0,2026-06-14 19:41:21
Jessie Smith.docx.pdf,0,2026-06-14 19:48:10
Jessie Smith.docx.pdf,0,2026-06-14 19:51:21
Jessie Smith.docx.pdf,0,2026-06-14 20:01:00
Jessie Smith.docx.pdf,0,2026-06-14 20:09:37
Jessie Smith.docx.pdf,0,2026-06-14 20:18:09
Jessie Smith.docx.pdf,0,2026-06-14 20:24:24
MEGAN APPLICANT.pdf,60,2026-06-14 20:46:14
MEGAN APPLICANT.pdf,40,2026-06-14 20:53:41
